{"cameraMode":{"drawMode":0,"name":"Shaded","section":"Shading Mode"},"sceneLighting":false,"audioPlay":false,"sceneViewState":{"showFog":true,"showMaterialUpdate":false,"showSkybox":true,"showFlares":true,"showImageEffects":true,"showParticleSystems":true},"in2DMode":false,"pivot":{"x":0.6184670925140381,"y":-10.125664710998536,"z":1.7553999423980713},"rotation":{"x":0.014953763224184513,"y":-0.9657463431358337,"z":0.25267359614372256,"w":0.05715366080403328},"size":2.1948320865631105,"orthographic":false}