{"cameraMode":{"drawMode":0,"name":"Shaded","section":"Shading Mode"},"sceneLighting":false,"audioPlay":false,"sceneViewState":{"showFog":true,"showMaterialUpdate":false,"showSkybox":true,"showFlares":true,"showImageEffects":true,"showParticleSystems":true},"in2DMode":false,"pivot":{"x":-0.03459398075938225,"y":-0.03155313432216644,"z":-0.12427616119384766},"rotation":{"x":0.0018179509788751603,"y":-0.992516279220581,"z":0.12118767946958542,"w":0.014888769015669823},"size":0.838778555393219,"orthographic":false}