{"cameraMode":{"drawMode":0,"name":"Shaded","section":"Shading Mode"},"sceneLighting":false,"audioPlay":false,"sceneViewState":{"showFog":true,"showMaterialUpdate":false,"showSkybox":true,"showFlares":true,"showImageEffects":true,"showParticleSystems":true},"in2DMode":false,"pivot":{"x":-0.4896324574947357,"y":0.5608962774276733,"z":-0.424746036529541},"rotation":{"x":0.009044140577316285,"y":0.9908976554870606,"z":-0.08942241966724396,"w":0.10021837800741196},"size":1.5991451740264893,"orthographic":false}