{"cameraMode":{"drawMode":0,"name":"Shaded","section":"Shading Mode"},"sceneLighting":false,"audioPlay":false,"sceneViewState":{"showFog":true,"showMaterialUpdate":false,"showSkybox":true,"showFlares":true,"showImageEffects":true,"showParticleSystems":true},"in2DMode":false,"pivot":{"x":-0.47572433948516848,"y":-0.0697317123413086,"z":-0.003839731216430664},"rotation":{"x":0.07730312645435333,"y":-0.9110152125358582,"z":0.1998978853225708,"w":0.3523015081882477},"size":2.3387856483459474,"orthographic":false}