{"cameraMode":{"drawMode":0,"name":"Shaded","section":"Shading Mode"},"sceneLighting":true,"audioPlay":false,"sceneViewState":{"showFog":true,"showMaterialUpdate":false,"showSkybox":true,"showFlares":true,"showImageEffects":true,"showParticleSystems":true},"in2DMode":false,"pivot":{"x":-8.178892135620118,"y":-14.776284217834473,"z":23.351139068603517},"rotation":{"x":-0.10981866717338562,"y":-0.07983336597681046,"z":0.008849420584738255,"w":-0.990700900554657},"size":17.180118560791017,"orthographic":false}