{"cameraMode":{"drawMode":0,"name":"Shaded","section":"Shading Mode"},"sceneLighting":false,"audioPlay":false,"sceneViewState":{"showFog":true,"showMaterialUpdate":false,"showSkybox":true,"showFlares":true,"showImageEffects":true,"showParticleSystems":true},"in2DMode":false,"pivot":{"x":-7.352966785430908,"y":-12.665668487548829,"z":39.11387252807617},"rotation":{"x":-0.00008475447248201817,"y":-0.9975152015686035,"z":0.07044178247451782,"w":-0.0012010519858449698},"size":4.4853010177612309,"orthographic":false}