{"cameraMode":{"drawMode":0,"name":"Shaded","section":"Shading Mode"},"sceneLighting":false,"audioPlay":false,"sceneViewState":{"showFog":true,"showMaterialUpdate":false,"showSkybox":true,"showFlares":true,"showImageEffects":true,"showParticleSystems":true},"in2DMode":false,"pivot":{"x":-0.03164657577872276,"y":-0.023809045553207399,"z":-0.013892039656639099},"rotation":{"x":0.07544423639774323,"y":0.6201109290122986,"z":0.060090433806180957,"w":-0.7785626649856567},"size":0.7729937434196472,"orthographic":false}