{"cameraMode":{"drawMode":0,"name":"Shaded","section":"Shading Mode"},"sceneLighting":false,"audioPlay":false,"sceneViewState":{"showFog":true,"showMaterialUpdate":false,"showSkybox":true,"showFlares":true,"showImageEffects":true,"showParticleSystems":true},"in2DMode":false,"pivot":{"x":-0.766424834728241,"y":-0.4812130331993103,"z":-0.019467953592538835},"rotation":{"x":0.16143859922885896,"y":-0.686082124710083,"z":0.16027981042861939,"w":0.6910422444343567},"size":1.738785743713379,"orthographic":false}