{"cameraMode":{"drawMode":0,"name":"Shaded","section":"Shading Mode"},"sceneLighting":true,"audioPlay":false,"sceneViewState":{"showFog":true,"showMaterialUpdate":false,"showSkybox":true,"showFlares":true,"showImageEffects":true,"showParticleSystems":true},"in2DMode":false,"pivot":{"x":0.6990705728530884,"y":-12.17150592803955,"z":1.160536527633667},"rotation":{"x":0.07544423639774323,"y":0.6201109290122986,"z":0.060090433806180957,"w":-0.7785626649856567},"size":1.1704649925231934,"orthographic":false}