{"cameraMode":{"drawMode":0,"name":"Shaded","section":"Shading Mode"},"sceneLighting":false,"audioPlay":false,"sceneViewState":{"showFog":true,"showMaterialUpdate":false,"showSkybox":true,"showFlares":true,"showImageEffects":true,"showParticleSystems":true},"in2DMode":false,"pivot":{"x":-0.3472933769226074,"y":2.710075616836548,"z":-0.4565681219100952},"rotation":{"x":-0.009405318647623062,"y":0.9858453273773193,"z":-0.1565675437450409,"w":-0.05922194942831993},"size":11.680205345153809,"orthographic":false}