{"cameraMode":{"drawMode":0,"name":"Shaded","section":"Shading Mode"},"sceneLighting":false,"audioPlay":false,"sceneViewState":{"showFog":true,"showMaterialUpdate":false,"showSkybox":true,"showFlares":true,"showImageEffects":true,"showParticleSystems":true},"in2DMode":false,"pivot":{"x":-0.23233440518379212,"y":-0.07267120480537415,"z":-0.20164288580417634},"rotation":{"x":-0.06637975573539734,"y":0.7543542981147766,"z":-0.07721216231584549,"w":-0.6485227346420288},"size":0.6452344655990601,"orthographic":false}