{"cameraMode":{"drawMode":0,"name":"Shaded","section":"Shading Mode"},"sceneLighting":false,"audioPlay":false,"sceneViewState":{"showFog":true,"showMaterialUpdate":false,"showSkybox":true,"showFlares":true,"showImageEffects":true,"showParticleSystems":true},"in2DMode":false,"pivot":{"x":-0.023965835571289064,"y":0.19914627075195313,"z":0.24991083145141602},"rotation":{"x":-0.03928691893815994,"y":0.7623268961906433,"z":-0.046482156962156299,"w":-0.6443242430686951},"size":22.0,"orthographic":false}