{"cameraMode":{"drawMode":0,"name":"Shaded","section":"Shading Mode"},"sceneLighting":false,"audioPlay":false,"sceneViewState":{"showFog":true,"showMaterialUpdate":false,"showSkybox":true,"showFlares":true,"showImageEffects":true,"showParticleSystems":true},"in2DMode":false,"pivot":{"x":0.7480385303497315,"y":-10.110506057739258,"z":1.4261798858642579},"rotation":{"x":0.05009946972131729,"y":-0.9391579031944275,"z":0.15580317378044129,"w":0.30198991298675539},"size":2.1948320865631105,"orthographic":false}