{"cameraMode":{"drawMode":0,"name":"Shaded","section":"Shading Mode"},"sceneLighting":false,"audioPlay":false,"sceneViewState":{"showFog":true,"showMaterialUpdate":false,"showSkybox":true,"showFlares":true,"showImageEffects":true,"showParticleSystems":true},"in2DMode":false,"pivot":{"x":-7.110328197479248,"y":-12.106461524963379,"z":39.03507995605469},"rotation":{"x":-0.00008475447248201817,"y":-0.9975152015686035,"z":0.07044178247451782,"w":-0.0012010519858449698},"size":5.685301780700684,"orthographic":false}