{"cameraMode":{"drawMode":0,"name":"Shaded","section":"Shading Mode"},"sceneLighting":false,"audioPlay":false,"sceneViewState":{"showFog":true,"showMaterialUpdate":false,"showSkybox":true,"showFlares":true,"showImageEffects":true,"showParticleSystems":true},"in2DMode":false,"pivot":{"x":-1.4595227241516114,"y":2.7411394119262697,"z":0.3589348793029785},"rotation":{"x":-0.03289186209440231,"y":0.9666581749916077,"z":-0.19393956661224366,"w":-0.1639440357685089},"size":7.421181678771973,"orthographic":false}