{"cameraMode":{"drawMode":0,"name":"Shaded","section":"Shading Mode"},"sceneLighting":false,"audioPlay":false,"sceneViewState":{"showFog":true,"showMaterialUpdate":false,"showSkybox":true,"showFlares":true,"showImageEffects":true,"showParticleSystems":true},"in2DMode":false,"pivot":{"x":-19.780372619628908,"y":10.32933235168457,"z":39.526390075683597},"rotation":{"x":0.08507408946752548,"y":0.9139536023139954,"z":-0.3017573654651642,"w":0.25766995549201968},"size":0.28578585386276247,"orthographic":false}